abbreviation,official_german,english
OR,Obligationenrecht,Code of Obligations
ZGB,Schweizerisches Zivilgesetzbuch,Swiss Civil Code
StPO,Schweizerische Strafprozessordnung,Swiss Criminal Procedure Code
StGB,Schweizerisches Strafgesetzbuch,Swiss Criminal Code
TSV,Tierseuchenverordnung,Animal Epidemics Ordinance
VTS,Verordnung über die technischen Anforderungen an Strassenfahrzeuge,Ordinance on Technical Requirements for Road Vehicles
SchKG,Bundesgesetz über Schuldbetreibung und Konkurs,Federal Act on Debt Enforcement and Bankruptcy
ZPO,Schweizerische Zivilprozessordnung,Swiss Civil Procedure Code
MStG,Militärstrafgesetz,Military Criminal Code
VR-ETH,Verordnung über das Rechnungswesen des ETH-Bereichs,Ordinance on the Accounting of the ETH Domain
ZV,Zollverordnung,Customs Ordinance
AVO,Verordnung über die Arbeitsvermittlung (historisch) / Asylverordnung,Employment Placement Ordinance (Historical) / Asylum Ordinance context
TSchV,Tierschutzverordnung,Animal Welfare Ordinance
BSV,Binnenschifffahrtsverordnung (oder Bundesamt für Sozialversicherungen),Inland Navigation Ordinance (or Federal Social Insurance Office)
BV,Bundesverfassung,Federal Constitution
ArGV,Arbeitsgesetzverordnung,Labour Act Ordinance
AIG,Ausländer- und Integrationsgesetz,Foreign Nationals and Integration Act
AHVV,Verordnung über die Alters- und Hinterlassenenversicherung,Old-Age and Survivors Insurance Ordinance
DBG,Bundesgesetz über die direkte Bundessteuer,Federal Act on Direct Federal Taxation
KVV,Verordnung über die Krankenversicherung,Health Insurance Ordinance
MStP,Militärstrafprozess,Military Criminal Procedure
ParlG,Parlamentsgesetz,Parliament Act
StSV,Strahlenschutzverordnung,Radiological Protection Ordinance
BPV,Bundespersonalverordnung,Federal Personnel Ordinance
ERV,Eigenmittelverordnung,Capital Adequacy Ordinance
PatV,Patentverordnung,Patents Ordinance
AsylV,Asylverordnung,Asylum Ordinance
KKV,Kernenergieverordnung / Kollektivanlagenverordnung,Nuclear Energy Ordinance / Collective Investment Schemes Ordinance
SSV,Signalisationsverordnung,Signage Ordinance
VZV,Verkehrszulassungsverordnung,Ordinance on the Admission of Persons and Vehicles to Road Traffic
EnFV,Energieförderungsverordnung,Energy Funding Ordinance
LwG,Landwirtschaftsgesetz,Agriculture Act
AsylG,Asylgesetz,Asylum Act
KV-GE,Kantonsverfassung Genf,Constitution of the Canton of Geneva
AVIV,Verordnung über die Arbeitslosenversicherung,Unemployment Insurance Ordinance
SVG,Strassenverkehrsgesetz,Road Traffic Act
IPRG,Bundesgesetz über das Internationale Privatrecht,Private International Law Act
EBG,Bundesgesetz über die Gleichstellung von Frau und Mann (oder Eisenbahngesetz),Gender Equality Act (or Railways Act)
MG,Militärgesetz,Armed Forces Act
DZV,Direktzahlungsverordnung,Direct Payments Ordinance
BVG,"Bundesgesetz über die berufliche Alters-, Hinterlassenen- und Invalidenvorsorge",Occupational Pensions Act
GBV,Grundbuchverordnung,Land Register Ordinance
IVV,Verordnung über die Invalidenversicherung,Invalidity Insurance Ordinance
ZDV,Zivildienstverordnung,Civilian Service Ordinance
HRegV,Handelsregisterverordnung,Commercial Register Ordinance
KVG,Bundesgesetz über die Krankenversicherung,Health Insurance Act
AVIG,Arbeitslosenversicherungsgesetz,Unemployment Insurance Act
FinfraV,Finanzmarktinfrastrukturverordnung,Financial Market Infrastructure Ordinance
LFG,Luftfahrtgesetz,Aviation Act
ZStV,Zivilstandsverordnung,Civil Status Ordinance
FinfraG,Finanzmarktinfrastrukturgesetz,Financial Market Infrastructure Act
HMG,Heilmittelgesetz,Therapeutic Products Act
MWSTV,Mehrwertsteuerverordnung,Value Added Tax Ordinance
SSG,Seeschifffahrtsgesetz,Maritime Navigation Act
ZG,Zollgesetz,Customs Act
VRV,Verkehrsregelnverordnung,Traffic Rules Ordinance
MWSTG,Mehrwertsteuergesetz,Value Added Tax Act
IVG,Bundesgesetz über die Invalidenversicherung,Invalidity Insurance Act
EMKV,Edelmetallkontrollverordnung,Precious Metals Control Ordinance
LeV,Lebensmittelverordnung (historisch),Foodstuffs Ordinance (historical)
AHVG,Bundesgesetz über die Alters- und Hinterlassenenversicherung,Old-Age and Survivors Insurance Act
VRAB,Verordnung über den Rechts- und Amtshilfeverkehr,Ordinance on Mutual Administrative and Legal Assistance
FDV,Flugdienstverordnung,Flight Duty Ordinance
VAG,Versicherungsaufsichtsgesetz,Insurance Supervision Act
BVV,Berufsvorsorgeverordnung,Occupational Pension Ordinance
RTVG,Bundesgesetz über Radio und Fernsehen,Radio and Television Act
KAG,Kollektivanlagengesetz,Collective Investment Schemes Act
SprstV,Sprengstoffverordnung,Explosives Ordinance
IRSG,Bundesgesetz über die internationale Rechtshilfe in Strafsachen,Mutual Assistance in Criminal Matters Act
UVV,Verordnung über die Unfallversicherung,Accident Insurance Ordinance
KV,Kantonsverfassung,Cantonal Constitution
VZAE,"Verordnung über Zulassung, Aufenthalt und Erwerbstätigkeit","Ordinance on Admission, Period of Stay and Employment"
PSMV,Pflanzenschutzmittelverordnung,Plant Protection Products Ordinance
PatG,Patentgesetz,Patents Act
EDAV-DS,EDA-Verordnung über den Datenschutz,Ordinance on Data Protection in the FDFA
USG,Umweltschutzgesetz,Environmental Protection Act
RTVV,Radio- und Fernsehverordnung,Radio and Television Ordinance
KreV-FINMA,Kreditrisikoverordnung-FINMA,FINMA Credit Risk Ordinance
BGS,Bundesgesetz über Geldspiele,Federal Act on Money Games
VGS,Verordnung über Geldspiele,Ordinance on Money Games
StHG,Steuerharmonisierungsgesetz,Tax Harmonization Act
EBV,Eisenbahnverordnung,Railways Ordinance
LMVV,Lebensmittel- und Gebrauchsgegenständeverordnung,Foodstuffs and Utility Articles Ordinance
EnG,Energiegesetz,Energy Act
VBPV-EDA,Verordnung des EDA zur Bundespersonalverordnung,FDFA Ordinance on the Federal Personnel Ordinance
UVG,Bundesgesetz über die Unfallversicherung,Accident Insurance Act
KKV-FINMA,Kollektivanlagenverordnung-FINMA,FINMA Collective Investment Schemes Ordinance
BGG,Bundesgerichtsgesetz,Federal Supreme Court Act
VMDP,Verordnung über die Militärdienstpflicht,Ordinance on Compulsory Military Service
FiFV,Finanzierungsfondsverordnung / Finanzinstitutsverordnung,Financing Fund Ordinance
VZG,Verordnung über das Zivilstandsregister,Civil Status Register Ordinance
FIDLEV,Finanzdienstleistungsverordnung,Financial Services Ordinance
VLtH,Verordnung über die Luftfahrthindernisse,Ordinance on Aviation Obstacles
PVBger,Personalverordnung des Bundesgerichts,Federal Supreme Court Personnel Ordinance
FINIV,Finanzinstitutsverordnung,Financial Institutions Ordinance
EnV,Energieverordnung,Energy Ordinance
VStrR,Bundesgesetz über das Verwaltungsstrafrecht,Administrative Criminal Law Act
MepV,Medizinprodukteverordnung,Medical Devices Ordinance
ATSG,Bundesgesetz über den Allgemeinen Teil des Sozialversicherungsrechts,General Part of Social Insurance Law Act
StBOG,Strafbehördenorganisationsgesetz,Criminal Authorities Organization Act
